[{"model": "contenttypes.contenttype", "pk": 15, "fields": {"app_label": "auth", "model": "user"}}, {"model": "contenttypes.contenttype", "pk": 16, "fields": {"app_label": "playlists", "model": "album"}}, {"model": "contenttypes.contenttype", "pk": 17, "fields": {"app_label": "playlists", "model": "playlist"}}, {"model": "sessions.session", "pk": "92by5uto8wovqnzlkdbb0lu8cxhrzfat", "fields": {"session_data": "ZDU4YTJhODY5NmFhYWI0YWY0NTJmMWM4MzVjNTk3ZTFmMDZjOWNhOTp7Il9hdXRoX3VzZXJfaWQiOiIxMiIsIl9hdXRoX3VzZXJfYmFja2VuZCI6ImRqYW5nby5jb250cmliLmF1dGguYmFja2VuZHMuTW9kZWxCYWNrZW5kIiwiX2F1dGhfdXNlcl9oYXNoIjoiN2ZiZDJmOWRmNWMxZDg1N2EyNTVmYzAzYzg3NTJkYjFmMWFkMmE1OCJ9", "expire_date": "2020-05-17T02:10:15.142Z"}}, {"model": "sessions.session", "pk": "9m1fb6jx6nkwzlxxtizrwsm58ihslzbf", "fields": {"session_data": "MjQ0ZmNjMWZlNzM1YzkzOGE5OTNiZWZhNTBlNWIwYmMyMDUwZTNjZjp7Il9hdXRoX3VzZXJfaWQiOiI4IiwiX2F1dGhfdXNlcl9iYWNrZW5kIjoiZGphbmdvLmNvbnRyaWIuYXV0aC5iYWNrZW5kcy5Nb2RlbEJhY2tlbmQiLCJfYXV0aF91c2VyX2hhc2giOiJlNzg5Zjg0YTdiMTVjODY3ZjE4ZjcxZGI5YzQyOGMzODljNzlkNDI1In0=", "expire_date": "2020-05-14T20:28:35.398Z"}}, {"model": "sessions.session", "pk": "arlwdpcabg3vjbk5srb74cer7069r9ha", "fields": {"session_data": "YzQ1N2RjNGJkMjIxM2EzMzFlYjIyNWZiNDYwYzBlZjdhZjU5NzhhNTp7Il9hdXRoX3VzZXJfaWQiOiIxIiwiX2F1dGhfdXNlcl9iYWNrZW5kIjoiZGphbmdvLmNvbnRyaWIuYXV0aC5iYWNrZW5kcy5Nb2RlbEJhY2tlbmQiLCJfYXV0aF91c2VyX2hhc2giOiI4Y2ViOWZjNDQ5NjgxNGNkN2Q4ODBkYmFhMTdjYTVjZGMwMzVjNTFkIn0=", "expire_date": "2020-05-08T02:32:44.903Z"}}, {"model": "sessions.session", "pk": "g956reqg1w0ljk9jdgy8dzofviy217th", "fields": {"session_data": "ODUwNTU3OTE5ZDZjZDk0NTVmYzZmMzI4YTg5ZjE5ZTE2YzZkMThhZDp7Il9hdXRoX3VzZXJfaWQiOiIxIiwiX2F1dGhfdXNlcl9iYWNrZW5kIjoiZGphbmdvLmNvbnRyaWIuYXV0aC5iYWNrZW5kcy5Nb2RlbEJhY2tlbmQiLCJfYXV0aF91c2VyX2hhc2giOiIzMmY4YzJiYTQ0OWFhMzkxNmQxZDIwZjNlMGZhYmZiOTA4YmFlYTg2In0=", "expire_date": "2020-07-31T17:21:39.733Z"}}, {"model": "sessions.session", "pk": "hdi4gulfrtchpvr0i9r7uhwd2mr0t3zj", "fields": {"session_data": "MjQ0ZmNjMWZlNzM1YzkzOGE5OTNiZWZhNTBlNWIwYmMyMDUwZTNjZjp7Il9hdXRoX3VzZXJfaWQiOiI4IiwiX2F1dGhfdXNlcl9iYWNrZW5kIjoiZGphbmdvLmNvbnRyaWIuYXV0aC5iYWNrZW5kcy5Nb2RlbEJhY2tlbmQiLCJfYXV0aF91c2VyX2hhc2giOiJlNzg5Zjg0YTdiMTVjODY3ZjE4ZjcxZGI5YzQyOGMzODljNzlkNDI1In0=", "expire_date": "2020-05-07T16:23:07.089Z"}}, {"model": "sessions.session", "pk": "i1lwfjegqeqyjwmwtovsvvw43unv52nw", "fields": {"session_data": "YzIzMWE0ZmY4OWU0NDJlODM0OGI4NjZmZWE3M2Y4YjRkNGU1NGFmNDp7Il9hdXRoX3VzZXJfaWQiOiIxNSIsIl9hdXRoX3VzZXJfYmFja2VuZCI6ImRqYW5nby5jb250cmliLmF1dGguYmFja2VuZHMuTW9kZWxCYWNrZW5kIiwiX2F1dGhfdXNlcl9oYXNoIjoiZGI3YzgzOTA2YTg2MTQ0NzJiZjBiMTkzMjhmOGMxOWNmY2RmMzZiYyJ9", "expire_date": "2020-05-28T21:26:08.944Z"}}, {"model": "sessions.session", "pk": "j95zt26ryb3i1qsmswzoti7oteqg9cv3", "fields": {"session_data": "NTBhNjU1ZmYxZWY0MThmMDg4OWFlY2M4MDUwODExNTA3MWM3NDE3NTp7Il9hdXRoX3VzZXJfaWQiOiIxIiwiX2F1dGhfdXNlcl9iYWNrZW5kIjoiZGphbmdvLmNvbnRyaWIuYXV0aC5iYWNrZW5kcy5Nb2RlbEJhY2tlbmQiLCJfYXV0aF91c2VyX2hhc2giOiI0ODk2N2FiZjZjZmU3NGZmMzQ5NDEwNDNmNWFhODk0YmQ2MmRmOTFkIn0=", "expire_date": "2020-05-04T20:52:40.385Z"}}, {"model": "sessions.session", "pk": "jwwpfu4gfidgks0yi4c1rsdhvj1pdu4c", "fields": {"session_data": "YmNmNGQ4ZDI5YWQ2MTllMWE5ZWI3MDQ2ZDY1N2EzN2QzYmJiYTY3Yjp7Il9hdXRoX3VzZXJfaWQiOiI3IiwiX2F1dGhfdXNlcl9iYWNrZW5kIjoiZGphbmdvLmNvbnRyaWIuYXV0aC5iYWNrZW5kcy5Nb2RlbEJhY2tlbmQiLCJfYXV0aF91c2VyX2hhc2giOiIzMGRjNzAwZjU2YjJlZWI2OGQ4MzhkMzdjZmU1NTBhYzEyZDkyYmRmIn0=", "expire_date": "2020-05-07T01:17:52.410Z"}}, {"model": "sessions.session", "pk": "lh4ssldcbo2w35213wicjgfv3xq8eg9y", "fields": {"session_data": "MGI1MmZlYTYyOWEyNGIwMmUxMmE1Njg5YTcxMzMyZGY0ZTU5MzdhODp7fQ==", "expire_date": "2020-04-29T23:54:16.862Z"}}, {"model": "sessions.session", "pk": "lhixktesfc72m8mwoxxcu0rms8xiw7bb", "fields": {"session_data": "MTllOGNlZGUwNDQ5YzBmNmJjMzVmMTVkNWZmOTRhNzBjNWFlODM4Yjp7Il9hdXRoX3VzZXJfaWQiOiIxMyIsIl9hdXRoX3VzZXJfYmFja2VuZCI6ImRqYW5nby5jb250cmliLmF1dGguYmFja2VuZHMuTW9kZWxCYWNrZW5kIiwiX2F1dGhfdXNlcl9oYXNoIjoiNjkzM2M1ZmE5MzliYjRmZDMxM2VkNDhhYjJiNGJlMjkxYjIxNzZjYyJ9", "expire_date": "2020-05-19T09:18:01.893Z"}}, {"model": "sessions.session", "pk": "lnjy2mww1w5spnz06nibb9xwegdfg8vr", "fields": {"session_data": "ZDU4YTJhODY5NmFhYWI0YWY0NTJmMWM4MzVjNTk3ZTFmMDZjOWNhOTp7Il9hdXRoX3VzZXJfaWQiOiIxMiIsIl9hdXRoX3VzZXJfYmFja2VuZCI6ImRqYW5nby5jb250cmliLmF1dGguYmFja2VuZHMuTW9kZWxCYWNrZW5kIiwiX2F1dGhfdXNlcl9oYXNoIjoiN2ZiZDJmOWRmNWMxZDg1N2EyNTVmYzAzYzg3NTJkYjFmMWFkMmE1OCJ9", "expire_date": "2020-06-01T00:03:38.847Z"}}, {"model": "sessions.session", "pk": "lxydnkr80yv4fp5ow36iogcmjfdb3cbu", "fields": {"session_data": "OGQxZDA4NDJhZjI1ZjU0ZmVjNTlkOTFmNmQ2MDIwZGZkZGQ5ZDA5OTp7Il9hdXRoX3VzZXJfaWQiOiI5IiwiX2F1dGhfdXNlcl9iYWNrZW5kIjoiZGphbmdvLmNvbnRyaWIuYXV0aC5iYWNrZW5kcy5Nb2RlbEJhY2tlbmQiLCJfYXV0aF91c2VyX2hhc2giOiI3ODdjMzEzMTg4ZTAyYzljMmVkNzE0OTMxMjlhOGMwYjBmOWEwMzY4In0=", "expire_date": "2020-05-10T20:01:37.961Z"}}, {"model": "sessions.session", "pk": "m6nqrt0lkbnxgohcyvq7xdgqzjbqgbuc", "fields": {"session_data": "YmNmNGQ4ZDI5YWQ2MTllMWE5ZWI3MDQ2ZDY1N2EzN2QzYmJiYTY3Yjp7Il9hdXRoX3VzZXJfaWQiOiI3IiwiX2F1dGhfdXNlcl9iYWNrZW5kIjoiZGphbmdvLmNvbnRyaWIuYXV0aC5iYWNrZW5kcy5Nb2RlbEJhY2tlbmQiLCJfYXV0aF91c2VyX2hhc2giOiIzMGRjNzAwZjU2YjJlZWI2OGQ4MzhkMzdjZmU1NTBhYzEyZDkyYmRmIn0=", "expire_date": "2020-05-26T20:09:40.757Z"}}, {"model": "sessions.session", "pk": "u6ex09bb6eps3yu6x5xekocycl0nop0i", "fields": {"session_data": "ODUwNTU3OTE5ZDZjZDk0NTVmYzZmMzI4YTg5ZjE5ZTE2YzZkMThhZDp7Il9hdXRoX3VzZXJfaWQiOiIxIiwiX2F1dGhfdXNlcl9iYWNrZW5kIjoiZGphbmdvLmNvbnRyaWIuYXV0aC5iYWNrZW5kcy5Nb2RlbEJhY2tlbmQiLCJfYXV0aF91c2VyX2hhc2giOiIzMmY4YzJiYTQ0OWFhMzkxNmQxZDIwZjNlMGZhYmZiOTA4YmFlYTg2In0=", "expire_date": "2020-07-22T03:26:00.503Z"}}, {"model": "sessions.session", "pk": "v1gaaexkfvl71wi6ag0vp4mbgyt83mh0", "fields": {"session_data": "MWNjODJkZjVhODA1MDk2YzJkYTY3MTdiYjc2ZWRjY2QwN2RlZjg1ZDp7Il9hdXRoX3VzZXJfaWQiOiIxNiIsIl9hdXRoX3VzZXJfYmFja2VuZCI6ImRqYW5nby5jb250cmliLmF1dGguYmFja2VuZHMuTW9kZWxCYWNrZW5kIiwiX2F1dGhfdXNlcl9oYXNoIjoiNDIxN2I2NjZiMmMzNmE1MjQ3MGZhZTlhMjM3MzZmODIyMzZlZWQ3YyJ9", "expire_date": "2020-07-28T01:06:58.496Z"}}, {"model": "sessions.session", "pk": "wbqqhxcjqwm147mele5kw139e6m086yd", "fields": {"session_data": "Y2NlNzJjZGIwYmJkZGRhN2FmZmRhZjI2NmYxYjJiMTBlNThmZTIwYzp7Il9hdXRoX3VzZXJfaWQiOiIxMCIsIl9hdXRoX3VzZXJfYmFja2VuZCI6ImRqYW5nby5jb250cmliLmF1dGguYmFja2VuZHMuTW9kZWxCYWNrZW5kIiwiX2F1dGhfdXNlcl9oYXNoIjoiYzA3MmZhNzg3NDU3MGUwZjM3YzVkZjY4NjVjNDZjNjM4MDliZmNhNSJ9", "expire_date": "2020-05-11T07:42:39.206Z"}}, {"model": "sessions.session", "pk": "xq8eq1ohi05e0umifzxma2004g5fd0kp", "fields": {"session_data": "NzIxNDJiYjIzN2ZkYWE2ZGZiNDRmYThjMDEzMzBhZTA5YTQyNjNkNTp7Il9hdXRoX3VzZXJfaWQiOiI3IiwiX2F1dGhfdXNlcl9iYWNrZW5kIjoiZGphbmdvLmNvbnRyaWIuYXV0aC5iYWNrZW5kcy5Nb2RlbEJhY2tlbmQiLCJfYXV0aF91c2VyX2hhc2giOiI1YzM1ZWFhNzUwMTE1MjMyM2ZjYTVlODAwOGIxMzRhMzYyY2ZlOTNhIn0=", "expire_date": "2020-06-02T09:21:49.153Z"}}, {"model": "playlists.artist", "pk": 5, "fields": {"name": "Type O Negative"}}, {"model": "playlists.artist", "pk": 6, "fields": {"name": "Sturgill Simpson"}}, {"model": "playlists.artist", "pk": 7, "fields": {"name": "Tyler Childers"}}, {"model": "playlists.artist", "pk": 9, "fields": {"name": "Britney Spears"}}, {"model": "playlists.artist", "pk": 11, "fields": {"name": "Yes"}}, {"model": "playlists.artist", "pk": 13, "fields": {"name": "Nightwish"}}, {"model": "playlists.artist", "pk": 25, "fields": {"name": "The War on Drugs"}}, {"model": "playlists.artist", "pk": 26, "fields": {"name": "Carly Rae Jepsen"}}, {"model": "playlists.artist", "pk": 27, "fields": {"name": "Dua Lipa"}}, {"model": "playlists.artist", "pk": 28, "fields": {"name": "Grimes"}}, {"model": "playlists.artist", "pk": 29, "fields": {"name": "Kali Uchis"}}, {"model": "playlists.artist", "pk": 30, "fields": {"name": "Vendredi sur mer"}}, {"model": "playlists.artist", "pk": 31, "fields": {"name": "MGMT"}}, {"model": "playlists.artist", "pk": 32, "fields": {"name": "Gorillaz"}}, {"model": "playlists.artist", "pk": 33, "fields": {"name": "Ariel Pink"}}, {"model": "playlists.artist", "pk": 34, "fields": {"name": "Sublime"}}, {"model": "playlists.artist", "pk": 35, "fields": {"name": "Lizzo"}}, {"model": "playlists.artist", "pk": 36, "fields": {"name": "Charli XCX"}}, {"model": "playlists.artist", "pk": 37, "fields": {"name": "Rina Sawayama"}}, {"model": "playlists.artist", "pk": 38, "fields": {"name": "Fleet Foxes"}}, {"model": "playlists.artist", "pk": 39, "fields": {"name": "Van Morrison"}}, {"model": "playlists.artist", "pk": 40, "fields": {"name": "Townes Van Zandt"}}, {"model": "playlists.artist", "pk": 41, "fields": {"name": "Father John Misty"}}, {"model": "playlists.artist", "pk": 42, "fields": {"name": "Emma Ruth Rundle"}}, {"model": "playlists.artist", "pk": 43, "fields": {"name": "Arcade Fire"}}, {"model": "playlists.artist", "pk": 44, "fields": {"name": "Colter Wall"}}, {"model": "playlists.artist", "pk": 45, "fields": {"name": "Paddy Reilly"}}, {"model": "playlists.artist", "pk": 46, "fields": {"name": "Bob Dylan"}}, {"model": "playlists.artist", "pk": 47, "fields": {"name": "Carole King"}}, {"model": "playlists.artist", "pk": 48, "fields": {"name": "Turnpike Trobadours"}}, {"model": "playlists.artist", "pk": 49, "fields": {"name": "Paul McCartney"}}, {"model": "playlists.artist", "pk": 50, "fields": {"name": "Alain Bashung"}}, {"model": "playlists.artist", "pk": 51, "fields": {"name": "Opeth"}}, {"model": "playlists.artist", "pk": 52, "fields": {"name": "Metallica"}}, {"model": "playlists.artist", "pk": 53, "fields": {"name": "Rainbow"}}, {"model": "playlists.artist", "pk": 54, "fields": {"name": "Pink Floyd"}}, {"model": "playlists.artist", "pk": 55, "fields": {"name": "Gary Moore"}}, {"model": "playlists.artist", "pk": 56, "fields": {"name": "Savatage"}}, {"model": "playlists.artist", "pk": 57, "fields": {"name": "Iron Maiden"}}, {"model": "playlists.artist", "pk": 58, "fields": {"name": "Alcest"}}, {"model": "playlists.artist", "pk": 59, "fields": {"name": "edith piaf"}}, {"model": "playlists.artist", "pk": 60, "fields": {"name": "Red Hot Chili Peppers"}}, {"model": "playlists.artist", "pk": 62, "fields": {"name": "Gilberto Gil"}}, {"model": "playlists.artist", "pk": 63, "fields": {"name": "Novos Baianos"}}, {"model": "playlists.artist", "pk": 64, "fields": {"name": "Alceu Valenca"}}, {"model": "playlists.artist", "pk": 65, "fields": {"name": "Chico Science"}}, {"model": "playlists.artist", "pk": 66, "fields": {"name": "Milton Nascimento"}}, {"model": "playlists.artist", "pk": 67, "fields": {"name": "One Ok Rock"}}, {"model": "playlists.artist", "pk": 68, "fields": {"name": "Asian Kung-Fu Generation"}}, {"model": "playlists.artist", "pk": 69, "fields": {"name": "touch\u00e9 amore"}}, {"model": "playlists.artist", "pk": 70, "fields": {"name": "michael cera palin"}}, {"model": "playlists.artist", "pk": 71, "fields": {"name": "microwave"}}, {"model": "playlists.artist", "pk": 72, "fields": {"name": "thin lips"}}, {"model": "playlists.artist", "pk": 73, "fields": {"name": "somos"}}, {"model": "playlists.artist", "pk": 74, "fields": {"name": "jeff ronsenstock"}}, {"model": "playlists.artist", "pk": 75, "fields": {"name": "beach bunny"}}, {"model": "playlists.artist", "pk": 76, "fields": {"name": "weakened friends"}}, {"model": "playlists.artist", "pk": 77, "fields": {"name": "charmer"}}, {"model": "playlists.artist", "pk": 78, "fields": {"name": "remember sports"}}, {"model": "playlists.artist", "pk": 79, "fields": {"name": "This Heat"}}, {"model": "playlists.artist", "pk": 80, "fields": {"name": "Aphex Twin"}}, {"model": "playlists.artist", "pk": 81, "fields": {"name": "Kandekt"}}, {"model": "playlists.artist", "pk": 82, "fields": {"name": "Massacre"}}, {"model": "playlists.artist", "pk": 83, "fields": {"name": "Ornette Coleman"}}, {"model": "playlists.artist", "pk": 84, "fields": {"name": "Begnagrad"}}, {"model": "playlists.artist", "pk": 85, "fields": {"name": "Satanique Samba Trio"}}, {"model": "playlists.artist", "pk": 86, "fields": {"name": "Combat Astronomy"}}, {"model": "playlists.artist", "pk": 87, "fields": {"name": "Gorge Trio"}}, {"model": "playlists.artist", "pk": 88, "fields": {"name": "Jute Gyte"}}, {"model": "playlists.artist", "pk": 89, "fields": {"name": "S\u00e3o Paulo Underground"}}, {"model": "playlists.artist", "pk": 90, "fields": {"name": "John Zorn"}}, {"model": "playlists.artist", "pk": 91, "fields": {"name": "Merzbow"}}, {"model": "playlists.artist", "pk": 92, "fields": {"name": "Hermeto Pascoal"}}, {"model": "playlists.artist", "pk": 93, "fields": {"name": "Oneohtrix Point Never"}}, {"model": "playlists.artist", "pk": 94, "fields": {"name": "Arrigo Barnab\u00e9"}}, {"model": "playlists.artist", "pk": 95, "fields": {"name": "Fet.Nat"}}, {"model": "playlists.album", "pk": 24, "fields": {"title": "A Deeper Understanding", "artist": 25}}, {"model": "playlists.album", "pk": 25, "fields": {"title": "Emotion", "artist": 26}}, {"model": "playlists.album", "pk": 26, "fields": {"title": "Future Nostalgia", "artist": 27}}, {"model": "playlists.album", "pk": 27, "fields": {"title": "Art Angels", "artist": 28}}, {"model": "playlists.album", "pk": 28, "fields": {"title": "Isolation", "artist": 29}}, {"model": "playlists.album", "pk": 29, "fields": {"title": "Premier \u00e9mois", "artist": 30}}, {"model": "playlists.album", "pk": 30, "fields": {"title": "Oracular Spectacular", "artist": 31}}, {"model": "playlists.album", "pk": 31, "fields": {"title": "Gorillaz", "artist": 32}}, {"model": "playlists.album", "pk": 32, "fields": {"title": "Before Today", "artist": 33}}, {"model": "playlists.album", "pk": 33, "fields": {"title": "Sublime", "artist": 34}}, {"model": "playlists.album", "pk": 34, "fields": {"title": "Cuz I love you", "artist": 35}}, {"model": "playlists.album", "pk": 35, "fields": {"title": "Charli", "artist": 36}}, {"model": "playlists.album", "pk": 36, "fields": {"title": "RINA", "artist": 37}}, {"model": "playlists.album", "pk": 37, "fields": {"title": "Fleet Foxes", "artist": 38}}, {"model": "playlists.album", "pk": 38, "fields": {"title": "Moondance", "artist": 39}}, {"model": "playlists.album", "pk": 39, "fields": {"title": "Townes Van Zandt", "artist": 40}}, {"model": "playlists.album", "pk": 40, "fields": {"title": "I Love You, Honeybear", "artist": 41}}, {"model": "playlists.album", "pk": 41, "fields": {"title": "Some Heavy Ocean", "artist": 42}}, {"model": "playlists.album", "pk": 42, "fields": {"title": "The Suburbs", "artist": 43}}, {"model": "playlists.album", "pk": 43, "fields": {"title": "Colter Wall", "artist": 44}}, {"model": "playlists.album", "pk": 44, "fields": {"title": "At Home", "artist": 45}}, {"model": "playlists.album", "pk": 45, "fields": {"title": "The Freewheelin' Bob Dylan", "artist": 46}}, {"model": "playlists.album", "pk": 46, "fields": {"title": "Purgatory", "artist": 7}}, {"model": "playlists.album", "pk": 47, "fields": {"title": "Tapestry", "artist": 47}}, {"model": "playlists.album", "pk": 48, "fields": {"title": "Goodbye Normal Street", "artist": 48}}, {"model": "playlists.album", "pk": 49, "fields": {"title": "Pure McCartney", "artist": 49}}, {"model": "playlists.album", "pk": 50, "fields": {"title": "Fantasie Militaire", "artist": 50}}, {"model": "playlists.album", "pk": 51, "fields": {"title": "The Drapery Falls", "artist": 51}}, {"model": "playlists.album", "pk": 52, "fields": {"title": "Metallica", "artist": 52}}, {"model": "playlists.album", "pk": 53, "fields": {"title": "Rising", "artist": 53}}, {"model": "playlists.album", "pk": 54, "fields": {"title": "The Dark Side of the Moon", "artist": 54}}, {"model": "playlists.album", "pk": 55, "fields": {"title": "Wild Frontier", "artist": 55}}, {"model": "playlists.album", "pk": 56, "fields": {"title": "Gutter Ballet", "artist": 56}}, {"model": "playlists.album", "pk": 57, "fields": {"title": "The number of the beast", "artist": 57}}, {"model": "playlists.album", "pk": 58, "fields": {"title": "Oceanborn", "artist": 13}}, {"model": "playlists.album", "pk": 59, "fields": {"title": "\u00c9cailles de Lune", "artist": 58}}, {"model": "playlists.album", "pk": 60, "fields": {"title": "geen album, dank je", "artist": 59}}, {"model": "playlists.album", "pk": 61, "fields": {"title": "Stadium Arcadium", "artist": 60}}, {"model": "playlists.album", "pk": 62, "fields": {"title": "Britney", "artist": 9}}, {"model": "playlists.album", "pk": 64, "fields": {"title": "Louvacao", "artist": 62}}, {"model": "playlists.album", "pk": 65, "fields": {"title": "Vamos Pro Mundo", "artist": 63}}, {"model": "playlists.album", "pk": 66, "fields": {"title": "Novos Baianos", "artist": 63}}, {"model": "playlists.album", "pk": 67, "fields": {"title": "Forro Lunar", "artist": 64}}, {"model": "playlists.album", "pk": 68, "fields": {"title": "Da Lama Ao Caos", "artist": 65}}, {"model": "playlists.album", "pk": 69, "fields": {"title": "Clube Da Esquina", "artist": 66}}, {"model": "playlists.album", "pk": 70, "fields": {"title": "One Ok Rock", "artist": 67}}, {"model": "playlists.album", "pk": 71, "fields": {"title": "Zeitakuby\u014d", "artist": 67}}, {"model": "playlists.album", "pk": 72, "fields": {"title": "Zankyo Reference", "artist": 67}}, {"model": "playlists.album", "pk": 73, "fields": {"title": "Jinsei\u00d7Boku", "artist": 67}}, {"model": "playlists.album", "pk": 74, "fields": {"title": "World World World", "artist": 68}}, {"model": "playlists.album", "pk": 75, "fields": {"title": "Sol-Fa", "artist": 68}}, {"model": "playlists.album", "pk": 76, "fields": {"title": "Surf Bungaku Kamakura", "artist": 68}}, {"model": "playlists.album", "pk": 77, "fields": {"title": "stage four", "artist": 69}}, {"model": "playlists.album", "pk": 78, "fields": {"title": "growing pains", "artist": 70}}, {"model": "playlists.album", "pk": 79, "fields": {"title": "split", "artist": 71}}, {"model": "playlists.album", "pk": 80, "fields": {"title": "riff hard", "artist": 72}}, {"model": "playlists.album", "pk": 81, "fields": {"title": "temple of plenty", "artist": 73}}, {"model": "playlists.album", "pk": 82, "fields": {"title": "we cool?", "artist": 74}}, {"model": "playlists.album", "pk": 83, "fields": {"title": "honeymoon", "artist": 75}}, {"model": "playlists.album", "pk": 84, "fields": {"title": "common blah", "artist": 76}}, {"model": "playlists.album", "pk": 85, "fields": {"title": "charmer", "artist": 77}}, {"model": "playlists.album", "pk": 86, "fields": {"title": "sunchokes", "artist": 78}}, {"model": "playlists.album", "pk": 87, "fields": {"title": "...and Justice for All", "artist": 52}}, {"model": "playlists.album", "pk": 88, "fields": {"title": "This Heat", "artist": 79}}, {"model": "playlists.album", "pk": 89, "fields": {"title": "Drukqs", "artist": 80}}, {"model": "playlists.album", "pk": 90, "fields": {"title": "Live Performance (08/17/17)", "artist": 81}}, {"model": "playlists.album", "pk": 91, "fields": {"title": "Killing Time", "artist": 82}}, {"model": "playlists.album", "pk": 92, "fields": {"title": "Science Fiction", "artist": 83}}, {"model": "playlists.album", "pk": 93, "fields": {"title": "Begnagrad", "artist": 84}}, {"model": "playlists.album", "pk": 94, "fields": {"title": "Xenossamba", "artist": 85}}, {"model": "playlists.album", "pk": 95, "fields": {"title": "History As It Is Happening", "artist": 81}}, {"model": "playlists.album", "pk": 96, "fields": {"title": "Dreams No Longer Hesitate", "artist": 86}}, {"model": "playlists.album", "pk": 97, "fields": {"title": "Dead Chicken Fear No Knife", "artist": 87}}, {"model": "playlists.album", "pk": 98, "fields": {"title": "Birefringence", "artist": 88}}, {"model": "playlists.album", "pk": 99, "fields": {"title": "Tr\u00eas Cabe\u00e7as Loucuras", "artist": 89}}, {"model": "playlists.album", "pk": 100, "fields": {"title": "Repeat", "artist": 79}}, {"model": "playlists.album", "pk": 101, "fields": {"title": "The True Discoveries of Witches and Demons", "artist": 90}}, {"model": "playlists.album", "pk": 102, "fields": {"title": "Pulse Demon", "artist": 91}}, {"model": "playlists.album", "pk": 103, "fields": {"title": "C\u00e9rebro Magn\u00e9tico", "artist": 92}}, {"model": "playlists.album", "pk": 104, "fields": {"title": "R Plus Seven", "artist": 93}}, {"model": "playlists.album", "pk": 105, "fields": {"title": "Tubar\u00f5es Voadores", "artist": 94}}, {"model": "playlists.album", "pk": 106, "fields": {"title": "Le Mal", "artist": 95}}, {"model": "playlists.song", "pk": 37, "fields": {"title": "Up All Night", "artist": 25, "album": 24}}, {"model": "playlists.song", "pk": 38, "fields": {"title": "I didn't just come here to dance", "artist": 26, "album": 25}}, {"model": "playlists.song", "pk": 39, "fields": {"title": "Love Again", "artist": 27, "album": 26}}, {"model": "playlists.song", "pk": 40, "fields": {"title": "Realiti", "artist": 28, "album": 27}}, {"model": "playlists.song", "pk": 41, "fields": {"title": "Tomorrow", "artist": 29, "album": 28}}, {"model": "playlists.song", "pk": 42, "fields": {"title": "Larme \u00e0 gauche", "artist": 30, "album": 29}}, {"model": "playlists.song", "pk": 43, "fields": {"title": "Electric Feel", "artist": 31, "album": 30}}, {"model": "playlists.song", "pk": 44, "fields": {"title": "19-2000 (Soulchild remix)", "artist": 32, "album": 31}}, {"model": "playlists.song", "pk": 45, "fields": {"title": "Bright Lit Blue Skies", "artist": 33, "album": 32}}, {"model": "playlists.song", "pk": 46, "fields": {"title": "Doin' Time", "artist": 34, "album": 33}}, {"model": "playlists.song", "pk": 47, "fields": {"title": "Juice", "artist": 35, "album": 34}}, {"model": "playlists.song", "pk": 48, "fields": {"title": "Gone", "artist": 36, "album": 35}}, {"model": "playlists.song", "pk": 49, "fields": {"title": "Alterlife", "artist": 37, "album": 36}}, {"model": "playlists.song", "pk": 50, "fields": {"title": "Blue Ridge Mountains", "artist": 38, "album": 37}}, {"model": "playlists.song", "pk": 51, "fields": {"title": "Into the Mystic", "artist": 39, "album": 38}}, {"model": "playlists.song", "pk": 52, "fields": {"title": "Fare thee well, Ms. Carousel", "artist": 40, "album": 39}}, {"model": "playlists.song", "pk": 53, "fields": {"title": "Holy Shit", "artist": 41, "album": 40}}, {"model": "playlists.song", "pk": 54, "fields": {"title": "Oh, Sarah", "artist": 42, "album": 41}}, {"model": "playlists.song", "pk": 55, "fields": {"title": "The Suburbs", "artist": 43, "album": 42}}, {"model": "playlists.song", "pk": 56, "fields": {"title": "Transcendent Ramblin' Railroad Blues", "artist": 44, "album": 43}}, {"model": "playlists.song", "pk": 57, "fields": {"title": "Annerchuain", "artist": 45, "album": 44}}, {"model": "playlists.song", "pk": 58, "fields": {"title": "A Hard Rain's A-Gonna Fall", "artist": 46, "album": 45}}, {"model": "playlists.song", "pk": 59, "fields": {"title": "Lady May", "artist": 7, "album": 46}}, {"model": "playlists.song", "pk": 60, "fields": {"title": "It's Too Late", "artist": 47, "album": 47}}, {"model": "playlists.song", "pk": 61, "fields": {"title": "Good Lord Lorrie", "artist": 48, "album": 48}}, {"model": "playlists.song", "pk": 62, "fields": {"title": "Mull of Kintyre", "artist": 49, "album": 49}}, {"model": "playlists.song", "pk": 63, "fields": {"title": "La Nuit Je Mens", "artist": 50, "album": 50}}, {"model": "playlists.song", "pk": 64, "fields": {"title": "The Drapery Falls", "artist": 51, "album": 51}}, {"model": "playlists.song", "pk": 65, "fields": {"title": "Nothing Else Matters", "artist": 52, "album": 52}}, {"model": "playlists.song", "pk": 66, "fields": {"title": "Stargazer", "artist": 53, "album": 53}}, {"model": "playlists.song", "pk": 67, "fields": {"title": "Money", "artist": 54, "album": 54}}, {"model": "playlists.song", "pk": 68, "fields": {"title": "Over the Hills and Far Away", "artist": 55, "album": 55}}, {"model": "playlists.song", "pk": 69, "fields": {"title": "Gutter Ballet", "artist": 56, "album": 56}}, {"model": "playlists.song", "pk": 70, "fields": {"title": "Hallowed by thy name", "artist": 57, "album": 57}}, {"model": "playlists.song", "pk": 71, "fields": {"title": "Sacrament of Wilderness", "artist": 13, "album": 58}}, {"model": "playlists.song", "pk": 72, "fields": {"title": "Perc\u00e9es de Lumi\u00e8re", "artist": 58, "album": 59}}, {"model": "playlists.song", "pk": 73, "fields": {"title": "la vie en rose", "artist": 59, "album": 60}}, {"model": "playlists.song", "pk": 74, "fields": {"title": "Death of a Martian", "artist": 60, "album": 61}}, {"model": "playlists.song", "pk": 75, "fields": {"title": "Hey", "artist": 60, "album": 61}}, {"model": "playlists.song", "pk": 76, "fields": {"title": "Overprotected", "artist": 9, "album": 62}}, {"model": "playlists.song", "pk": 80, "fields": {"title": "Louvacao", "artist": 62, "album": 64}}, {"model": "playlists.song", "pk": 81, "fields": {"title": "Vamos Pro Mundo", "artist": 63, "album": 65}}, {"model": "playlists.song", "pk": 82, "fields": {"title": "Vende-se Sonhos", "artist": 63, "album": 66}}, {"model": "playlists.song", "pk": 83, "fields": {"title": "Forro Lunar", "artist": 64, "album": 67}}, {"model": "playlists.song", "pk": 84, "fields": {"title": "A Praieira", "artist": 65, "album": 68}}, {"model": "playlists.song", "pk": 85, "fields": {"title": "Samba Makossa", "artist": 65, "album": 68}}, {"model": "playlists.song", "pk": 86, "fields": {"title": "Cravo e Canela", "artist": 66, "album": 69}}, {"model": "playlists.song", "pk": 87, "fields": {"title": "Keep it Real", "artist": 67, "album": 70}}, {"model": "playlists.song", "pk": 88, "fields": {"title": "Et Cetera", "artist": 67, "album": 71}}, {"model": "playlists.song", "pk": 89, "fields": {"title": "Lost And Found", "artist": 67, "album": 72}}, {"model": "playlists.song", "pk": 90, "fields": {"title": "The Beginning", "artist": 67, "album": 73}}, {"model": "playlists.song", "pk": 91, "fields": {"title": "After Dark", "artist": 68, "album": 74}}, {"model": "playlists.song", "pk": 92, "fields": {"title": "Rewrite", "artist": 68, "album": 75}}, {"model": "playlists.song", "pk": 93, "fields": {"title": "Yuigahama Kaito", "artist": 68, "album": 76}}, {"model": "playlists.song", "pk": 94, "fields": {"title": "flowers and you", "artist": 69, "album": 77}}, {"model": "playlists.song", "pk": 95, "fields": {"title": "laughing makes it worse", "artist": 70, "album": 78}}, {"model": "playlists.song", "pk": 96, "fields": {"title": "but not often", "artist": 71, "album": 79}}, {"model": "playlists.song", "pk": 97, "fields": {"title": "andy weed", "artist": 72, "album": 80}}, {"model": "playlists.song", "pk": 98, "fields": {"title": "dead wrong", "artist": 73, "album": 81}}, {"model": "playlists.song", "pk": 99, "fields": {"title": "you, in weird cities", "artist": 74, "album": 82}}, {"model": "playlists.song", "pk": 100, "fields": {"title": "colorblind", "artist": 75, "album": 83}}, {"model": "playlists.song", "pk": 101, "fields": {"title": "waste", "artist": 76, "album": 84}}, {"model": "playlists.song", "pk": 102, "fields": {"title": "nurse joy", "artist": 77, "album": 85}}, {"model": "playlists.song", "pk": 103, "fields": {"title": "you're so sorry", "artist": 78, "album": 86}}, {"model": "playlists.song", "pk": 104, "fields": {"title": "One", "artist": 52, "album": 87}}, {"model": "playlists.song", "pk": 105, "fields": {"title": "One", "artist": 52, "album": 87}}, {"model": "playlists.song", "pk": 106, "fields": {"title": "One", "artist": 52, "album": 87}}, {"model": "playlists.song", "pk": 107, "fields": {"title": "Horizontal Hold", "artist": 79, "album": 88}}, {"model": "playlists.song", "pk": 108, "fields": {"title": "Horizontal Hold", "artist": 79, "album": 88}}, {"model": "playlists.song", "pk": 109, "fields": {"title": "Horizontal Hold", "artist": 79, "album": 88}}, {"model": "playlists.song", "pk": 110, "fields": {"title": "Horizontal Hold", "artist": 79, "album": 88}}, {"model": "playlists.song", "pk": 111, "fields": {"title": "Taking Control", "artist": 80, "album": 89}}, {"model": "playlists.song", "pk": 112, "fields": {"title": "An Oddity", "artist": 81, "album": 90}}, {"model": "playlists.song", "pk": 113, "fields": {"title": "Aging With Dignity", "artist": 82, "album": 91}}, {"model": "playlists.song", "pk": 114, "fields": {"title": "Science Fiction", "artist": 83, "album": 92}}, {"model": "playlists.song", "pk": 115, "fields": {"title": "Coc'n Rolla (Ljubljana By Night)", "artist": 84, "album": 93}}, {"model": "playlists.song", "pk": 116, "fields": {"title": "Altos Traumas", "artist": 85, "album": 94}}, {"model": "playlists.song", "pk": 117, "fields": {"title": "D\u00e0 Yu\u00e8 J\u00ecn", "artist": 81, "album": 95}}, {"model": "playlists.song", "pk": 118, "fields": {"title": "Alive Inside Eternity", "artist": 86, "album": 96}}, {"model": "playlists.song", "pk": 119, "fields": {"title": "In the Midst of a Thrill", "artist": 87, "album": 97}}, {"model": "playlists.song", "pk": 120, "fields": {"title": "Dissected Grace", "artist": 88, "album": 98}}, {"model": "playlists.song", "pk": 121, "fields": {"title": "Jagoda's Dream", "artist": 89, "album": 99}}, {"model": "playlists.song", "pk": 122, "fields": {"title": "Repeat", "artist": 79, "album": 100}}, {"model": "playlists.song", "pk": 123, "fields": {"title": "Strategies", "artist": 90, "album": 101}}, {"model": "playlists.song", "pk": 124, "fields": {"title": "Woodpecker No. 1", "artist": 91, "album": 102}}, {"model": "playlists.song", "pk": 125, "fields": {"title": "Di\u00e1logo", "artist": 92, "album": 103}}, {"model": "playlists.song", "pk": 126, "fields": {"title": "Still Life", "artist": 93, "album": 104}}, {"model": "playlists.song", "pk": 127, "fields": {"title": "Crotalus Terrificus", "artist": 94, "album": 105}}, {"model": "playlists.song", "pk": 128, "fields": {"title": "Horizontal Hold", "artist": 79, "album": 88}}, {"model": "playlists.song", "pk": 129, "fields": {"title": "Patio Monday", "artist": 95, "album": 106}}, {"model": "playlists.genre", "pk": 1, "fields": {"name": "pop"}}, {"model": "playlists.genre", "pk": 2, "fields": {"name": "rock"}}, {"model": "playlists.genre", "pk": 3, "fields": {"name": "classical"}}, {"model": "playlists.genre", "pk": 4, "fields": {"name": "hip hop"}}, {"model": "playlists.genre", "pk": 5, "fields": {"name": "rnb"}}, {"model": "playlists.genre", "pk": 6, "fields": {"name": "metal"}}, {"model": "playlists.genre", "pk": 7, "fields": {"name": "folk"}}, {"model": "playlists.genre", "pk": 8, "fields": {"name": "electronic"}}, {"model": "playlists.genre", "pk": 9, "fields": {"name": "country"}}, {"model": "auth.user", "pk": 1, "fields": {"password": "pbkdf2_sha256$180000$e6H9KoOvqW0D$fv1ZvBhZXLSPPjH3tDujxLNNyYZv9pZ74Uh0+yi0pf4=", "last_login": "2020-07-17T17:21:39.658Z", "is_superuser": true, "username": "admin", "first_name": "", "last_name": "", "email": "schreiber.mmb@gmail.com", "is_staff": true, "is_active": true, "date_joined": "2020-03-27T23:55:48.427Z", "groups": [], "user_permissions": []}}, {"model": "auth.user", "pk": 6, "fields": {"password": "pbkdf2_sha256$180000$g1D4E47lM6Az$8PTS2t0vwB7Qp0M0aVdUvefjQKcKiiBHtkfrh1TGO8o=", "last_login": "2020-04-20T22:26:10.556Z", "is_superuser": false, "username": "lanadelrey", "first_name": "", "last_name": "", "email": "", "is_staff": false, "is_active": true, "date_joined": "2020-04-16T00:41:47.796Z", "groups": [], "user_permissions": []}}, {"model": "auth.user", "pk": 7, "fields": {"password": "pbkdf2_sha256$180000$8lrxqQHOINVL$OxkFBSuq9TOcWWioiK/fbDzPVwCHgYjFRPLnPTGP9EY=", "last_login": "2020-05-19T09:21:49.126Z", "is_superuser": false, "username": "escribapetrus", "first_name": "", "last_name": "", "email": "", "is_staff": false, "is_active": true, "date_joined": "2020-04-22T23:53:10.464Z", "groups": [], "user_permissions": []}}, {"model": "auth.user", "pk": 8, "fields": {"password": "pbkdf2_sha256$180000$n18ZFHYyhrLW$JZ4nDQ8pPcA+hBRSeCQmE4RQp65K9isJOEQ1uBdU010=", "last_login": "2020-04-30T20:28:35.370Z", "is_superuser": false, "username": "dfkimera", "first_name": "", "last_name": "", "email": "", "is_staff": false, "is_active": true, "date_joined": "2020-04-23T16:23:00.821Z", "groups": [], "user_permissions": []}}, {"model": "auth.user", "pk": 9, "fields": {"password": "pbkdf2_sha256$180000$LfiLS3OYbXHT$Wa+jaQfhzi4Ps+K3jrLlgyoPdoM1RhFrjwM9h2z5r5k=", "last_login": "2020-04-26T20:01:37.918Z", "is_superuser": false, "username": "johnbatera", "first_name": "", "last_name": "", "email": "", "is_staff": false, "is_active": true, "date_joined": "2020-04-26T20:01:22.381Z", "groups": [], "user_permissions": []}}, {"model": "auth.user", "pk": 10, "fields": {"password": "pbkdf2_sha256$180000$hbVndWPJMNvi$oswdDA39yiNPTc8UXoqZ/dpVFuBcMCKo95SixKDuMfc=", "last_login": "2020-04-27T07:42:39.180Z", "is_superuser": false, "username": "romoadox", "first_name": "", "last_name": "", "email": "", "is_staff": false, "is_active": true, "date_joined": "2020-04-27T07:42:14.074Z", "groups": [], "user_permissions": []}}, {"model": "auth.user", "pk": 11, "fields": {"password": "pbkdf2_sha256$180000$SjEF3sQhKIBz$hsPrVdinMJTJ17oGtQmVYszDfa6xCP0i2aXjY+KwqCo=", "last_login": null, "is_superuser": false, "username": "Gustavo8", "first_name": "", "last_name": "", "email": "", "is_staff": false, "is_active": true, "date_joined": "2020-05-01T02:53:13.239Z", "groups": [], "user_permissions": []}}, {"model": "auth.user", "pk": 12, "fields": {"password": "pbkdf2_sha256$180000$vspkkmGL3Lfx$htNiYQYIEX0ObKkOLjHmKMzf7SJWFQ88GxjOMQEfAhE=", "last_login": "2020-05-18T00:03:38.822Z", "is_superuser": false, "username": "Bruninho", "first_name": "", "last_name": "", "email": "", "is_staff": false, "is_active": true, "date_joined": "2020-05-03T01:55:28.038Z", "groups": [], "user_permissions": []}}, {"model": "auth.user", "pk": 13, "fields": {"password": "pbkdf2_sha256$180000$gMfx5c5RRH1R$5F7YTIopD8sxiJQsCFVvFznzzHCYs6visGglWbcSduo=", "last_login": "2020-05-05T09:18:01.865Z", "is_superuser": false, "username": "juliananeres6@gmail.com", "first_name": "", "last_name": "", "email": "", "is_staff": false, "is_active": true, "date_joined": "2020-05-05T09:17:42.363Z", "groups": [], "user_permissions": []}}, {"model": "auth.user", "pk": 15, "fields": {"password": "pbkdf2_sha256$180000$jPgKza3tsZ7b$UQ73vXfkq617IZkHC0l2YPOlW0mBa1Ly961f5aZ7M9w=", "last_login": "2020-05-14T21:26:08.915Z", "is_superuser": false, "username": "julia", "first_name": "", "last_name": "", "email": "", "is_staff": false, "is_active": true, "date_joined": "2020-05-14T21:25:45.101Z", "groups": [], "user_permissions": []}}, {"model": "auth.user", "pk": 16, "fields": {"password": "pbkdf2_sha256$180000$0cusA7Jr6a2n$YP7JltIvOttbpSiiV/VbIGdEuA1Cp9nzBC2JLFB0UwU=", "last_login": "2020-07-14T01:06:58.468Z", "is_superuser": false, "username": "f1d31", "first_name": "", "last_name": "", "email": "", "is_staff": false, "is_active": true, "date_joined": "2020-07-14T01:06:50.486Z", "groups": [], "user_permissions": []}}, {"model": "playlists.playlist", "pk": 41, "fields": {"title": "indie pop party", "user": 7, "description": "Wanna party? Wanna rock? I created this playlist as a dj set for an indie party in S\u00e3o Paulo. The idea is to merge new and old dance pop and indie rock.", "date_created": "2020-04-22T23:56:44.819Z", "songs": [37, 38, 39, 40, 41, 42, 43, 44, 45, 46, 47, 48, 49, 76], "genres": [1, 2]}}, {"model": "playlists.playlist", "pk": 42, "fields": {"title": "acoustic folk", "user": 7, "description": "My selection of favourite acoustic songs, old and new.", "date_created": "2020-04-23T00:12:27.796Z", "songs": [50, 51, 52, 53, 54, 55, 56, 57, 58, 59, 60, 61, 62, 63], "genres": [2, 7]}}, {"model": "playlists.playlist", "pk": 43, "fields": {"title": "guitar practice", "user": 7, "description": "These are my choices for practicing guitar: some blues licks, some minor and minor harmonic scales, some shred, mostly fun stuff.", "date_created": "2020-04-23T00:25:05Z", "songs": [64, 65, 66, 67, 68, 69, 70, 71, 72], "genres": [2, 6]}}, {"model": "playlists.playlist", "pk": 44, "fields": {"title": "listy list list", "user": 8, "description": "asdfasdf", "date_created": "2020-04-23T16:23:49.631Z", "songs": [73], "genres": [3]}}, {"model": "playlists.playlist", "pk": 45, "fields": {"title": "Romoalist", "user": 10, "description": "Longe de tudo", "date_created": "2020-04-27T07:43:45.385Z", "songs": [74, 75], "genres": [2]}}, {"model": "playlists.playlist", "pk": 47, "fields": {"title": "Roda", "user": 12, "description": "fazer uma roda pra dancar muito e ser feliz (folk do brasil) kkkk", "date_created": "2020-05-03T01:58:56.573Z", "songs": [80, 81, 82, 83, 84, 85, 86], "genres": [7]}}, {"model": "playlists.playlist", "pk": 48, "fields": {"title": "Jota r\u00f3qui", "user": 13, "description": "umas musiquinhas que eu gosto. \u00af\\_(\u30c4)_/\u00af", "date_created": "2020-05-05T09:28:45.342Z", "songs": [87, 88, 89, 90, 91, 92, 93], "genres": [2]}}, {"model": "playlists.playlist", "pk": 49, "fields": {"title": "o melhor da cal\u00e7a curta", "user": 15, "description": "para pessoas que usam meia colorida, cal\u00e7a um n\u00famero menor para ver a mesma e bon\u00e9 frouxo, mas n\u00e3o gostam de mac demarco e gostam de ficar deprimidinhas ao som de jovens e afina\u00e7\u00f5es estranhas.", "date_created": "2020-05-14T21:28:27.428Z", "songs": [94, 95, 96, 97, 98, 99, 100, 101, 102, 103], "genres": [2]}}, {"model": "playlists.playlist", "pk": 54, "fields": {"title": "Avant-garde/Experimental Stuff", "user": 16, "description": "...", "date_created": "2020-07-14T01:19:06.373Z", "songs": [113, 114, 115, 116, 117, 118, 119, 120, 121, 122, 123, 124, 125, 126, 127, 129], "genres": [8]}}, {"model": "users.profile", "pk": 2, "fields": {"user": 1, "favorites": []}}, {"model": "users.profile", "pk": 3, "fields": {"user": 6, "favorites": []}}, {"model": "users.profile", "pk": 4, "fields": {"user": 7, "favorites": [47, 48, 49]}}, {"model": "users.profile", "pk": 5, "fields": {"user": 8, "favorites": [43]}}, {"model": "users.profile", "pk": 6, "fields": {"user": 9, "favorites": []}}, {"model": "users.profile", "pk": 7, "fields": {"user": 10, "favorites": []}}, {"model": "users.profile", "pk": 8, "fields": {"user": 11, "favorites": []}}, {"model": "users.profile", "pk": 9, "fields": {"user": 12, "favorites": []}}, {"model": "users.profile", "pk": 10, "fields": {"user": 13, "favorites": [47]}}, {"model": "users.profile", "pk": 12, "fields": {"user": 15, "favorites": []}}, {"model": "users.profile", "pk": 13, "fields": {"user": 16, "favorites": [43]}}, {"model": "comments.comment", "pk": 27, "fields": {"text": "hello world", "playlist": 43, "user": 8, "comment_date": "2020-04-23"}}, {"model": "comments.comment", "pk": 28, "fields": {"text": "Thanks for the contrib. That's awesome!!", "playlist": 44, "user": 7, "comment_date": "2020-04-23"}}, {"model": "comments.comment", "pk": 29, "fields": {"text": "sdfasdf", "playlist": 44, "user": 8, "comment_date": "2020-04-30"}}, {"model": "comments.comment", "pk": 30, "fields": {"text": "Money como vc ta tocando manda ai um video, vc ta fazendo um arranjo de por tudo em uma guitarra so?", "playlist": 43, "user": 12, "comment_date": "2020-05-03"}}, {"model": "admin.logentry", "pk": 1, "fields": {"action_time": "2020-03-28T00:20:21.460Z", "user": 1, "content_type": null, "object_id": "1", "object_repr": "Tame Impala", "action_flag": 1, "change_message": "[{\"added\": {}}]"}}, {"model": "admin.logentry", "pk": 2, "fields": {"action_time": "2020-03-28T00:21:19.363Z", "user": 1, "content_type": null, "object_id": "1", "object_repr": "Currents", "action_flag": 1, "change_message": "[{\"added\": {}}]"}}, {"model": "admin.logentry", "pk": 3, "fields": {"action_time": "2020-03-28T00:21:37.287Z", "user": 1, "content_type": null, "object_id": "1", "object_repr": "Let it happen", "action_flag": 1, "change_message": "[{\"added\": {}}]"}}, {"model": "admin.logentry", "pk": 4, "fields": {"action_time": "2020-03-28T00:23:07.484Z", "user": 1, "content_type": null, "object_id": "1", "object_repr": "pschreiber", "action_flag": 1, "change_message": "[{\"added\": {}}]"}}, {"model": "admin.logentry", "pk": 5, "fields": {"action_time": "2020-03-28T00:24:33.577Z", "user": 1, "content_type": null, "object_id": "1", "object_repr": "Play loca", "action_flag": 1, "change_message": "[{\"added\": {}}]"}}, {"model": "admin.logentry", "pk": 6, "fields": {"action_time": "2020-03-28T02:05:51.636Z", "user": 1, "content_type": null, "object_id": "2", "object_repr": "Lalala", "action_flag": 1, "change_message": "[{\"added\": {}}]"}}, {"model": "admin.logentry", "pk": 7, "fields": {"action_time": "2020-03-28T02:05:58.830Z", "user": 1, "content_type": null, "object_id": "3", "object_repr": "Another song", "action_flag": 1, "change_message": "[{\"added\": {}}]"}}, {"model": "admin.logentry", "pk": 8, "fields": {"action_time": "2020-03-28T02:06:36.875Z", "user": 1, "content_type": null, "object_id": "4", "object_repr": "Heyyy", "action_flag": 1, "change_message": "[{\"added\": {}}]"}}, {"model": "admin.logentry", "pk": 9, "fields": {"action_time": "2020-03-28T02:06:42.735Z", "user": 1, "content_type": null, "object_id": "1", "object_repr": "Play loca", "action_flag": 2, "change_message": "[]"}}, {"model": "admin.logentry", "pk": 10, "fields": {"action_time": "2020-03-28T02:07:16.738Z", "user": 1, "content_type": null, "object_id": "1", "object_repr": "Play loca", "action_flag": 2, "change_message": "[{\"changed\": {\"fields\": [\"Songs\"]}}]"}}, {"model": "admin.logentry", "pk": 11, "fields": {"action_time": "2020-03-28T02:25:49.232Z", "user": 1, "content_type": null, "object_id": "2", "object_repr": "Nova play", "action_flag": 2, "change_message": "[{\"changed\": {\"fields\": [\"Songs\"]}}]"}}, {"model": "admin.logentry", "pk": 12, "fields": {"action_time": "2020-03-28T02:54:54.961Z", "user": 1, "content_type": null, "object_id": "2", "object_repr": "lanadelrey", "action_flag": 2, "change_message": "[{\"changed\": {\"fields\": [\"password\"]}}]"}}, {"model": "admin.logentry", "pk": 13, "fields": {"action_time": "2020-03-28T02:55:51.994Z", "user": 1, "content_type": null, "object_id": "2", "object_repr": "lanadelrey", "action_flag": 2, "change_message": "[{\"changed\": {\"fields\": [\"First name\", \"Last name\"]}}]"}}, {"model": "admin.logentry", "pk": 14, "fields": {"action_time": "2020-03-28T02:57:27.873Z", "user": 1, "content_type": null, "object_id": "1", "object_repr": "pschreiber", "action_flag": 3, "change_message": ""}}, {"model": "admin.logentry", "pk": 15, "fields": {"action_time": "2020-03-29T00:23:21.212Z", "user": 1, "content_type": null, "object_id": "1", "object_repr": "Test playlist", "action_flag": 1, "change_message": "[{\"added\": {}}]"}}, {"model": "admin.logentry", "pk": 16, "fields": {"action_time": "2020-03-29T00:56:15.826Z", "user": 1, "content_type": null, "object_id": "2", "object_repr": "tem empada", "action_flag": 1, "change_message": "[{\"added\": {}}]"}}, {"model": "admin.logentry", "pk": 17, "fields": {"action_time": "2020-03-30T14:33:40.111Z", "user": 1, "content_type": null, "object_id": "3", "object_repr": "sdfsdfsd", "action_flag": 1, "change_message": "[{\"added\": {}}]"}}, {"model": "admin.logentry", "pk": 18, "fields": {"action_time": "2020-03-30T14:33:50.497Z", "user": 1, "content_type": null, "object_id": "4", "object_repr": "quatro", "action_flag": 1, "change_message": "[{\"added\": {}}]"}}, {"model": "admin.logentry", "pk": 19, "fields": {"action_time": "2020-03-30T15:21:53.293Z", "user": 1, "content_type": null, "object_id": "2", "object_repr": "lanadelrey", "action_flag": 3, "change_message": ""}}, {"model": "admin.logentry", "pk": 20, "fields": {"action_time": "2020-03-30T15:22:12.524Z", "user": 1, "content_type": null, "object_id": "3", "object_repr": "lanadelrey", "action_flag": 1, "change_message": "[{\"added\": {}}]"}}, {"model": "admin.logentry", "pk": 21, "fields": {"action_time": "2020-03-30T15:22:23.093Z", "user": 1, "content_type": null, "object_id": "3", "object_repr": "lanadelrey", "action_flag": 2, "change_message": "[]"}}, {"model": "admin.logentry", "pk": 22, "fields": {"action_time": "2020-03-30T15:23:14.164Z", "user": 1, "content_type": null, "object_id": "3", "object_repr": "lanadelrey", "action_flag": 2, "change_message": "[{\"changed\": {\"fields\": [\"Staff status\"]}}]"}}, {"model": "admin.logentry", "pk": 23, "fields": {"action_time": "2020-03-30T19:22:34.230Z", "user": 1, "content_type": null, "object_id": "3", "object_repr": "Nightwish", "action_flag": 3, "change_message": ""}}, {"model": "admin.logentry", "pk": 24, "fields": {"action_time": "2020-03-30T19:33:29.773Z", "user": 1, "content_type": null, "object_id": "8", "object_repr": "Ghost Love Score", "action_flag": 3, "change_message": ""}}, {"model": "admin.logentry", "pk": 25, "fields": {"action_time": "2020-03-30T19:33:29.864Z", "user": 1, "content_type": null, "object_id": "7", "object_repr": "The Siren", "action_flag": 3, "change_message": ""}}, {"model": "admin.logentry", "pk": 26, "fields": {"action_time": "2020-03-30T19:33:29.947Z", "user": 1, "content_type": null, "object_id": "5", "object_repr": "The Siren", "action_flag": 3, "change_message": ""}}, {"model": "admin.logentry", "pk": 27, "fields": {"action_time": "2020-03-30T19:33:36.948Z", "user": 1, "content_type": null, "object_id": "4", "object_repr": "Heyyy", "action_flag": 3, "change_message": ""}}, {"model": "admin.logentry", "pk": 28, "fields": {"action_time": "2020-03-30T19:33:37.049Z", "user": 1, "content_type": null, "object_id": "3", "object_repr": "Another song", "action_flag": 3, "change_message": ""}}, {"model": "admin.logentry", "pk": 29, "fields": {"action_time": "2020-03-30T19:33:37.134Z", "user": 1, "content_type": null, "object_id": "2", "object_repr": "Lalala", "action_flag": 3, "change_message": ""}}, {"model": "admin.logentry", "pk": 30, "fields": {"action_time": "2020-03-30T19:33:37.316Z", "user": 1, "content_type": null, "object_id": "1", "object_repr": "Let it happen", "action_flag": 3, "change_message": ""}}, {"model": "admin.logentry", "pk": 31, "fields": {"action_time": "2020-03-30T19:33:46.022Z", "user": 1, "content_type": null, "object_id": "2", "object_repr": "Once", "action_flag": 3, "change_message": ""}}, {"model": "admin.logentry", "pk": 32, "fields": {"action_time": "2020-03-30T19:33:46.119Z", "user": 1, "content_type": null, "object_id": "1", "object_repr": "Currents", "action_flag": 3, "change_message": ""}}, {"model": "admin.logentry", "pk": 33, "fields": {"action_time": "2020-03-30T19:33:55.636Z", "user": 1, "content_type": null, "object_id": "4", "object_repr": "Fleet Foxes", "action_flag": 3, "change_message": ""}}, {"model": "admin.logentry", "pk": 34, "fields": {"action_time": "2020-03-30T19:33:55.712Z", "user": 1, "content_type": null, "object_id": "2", "object_repr": "Nightwish", "action_flag": 3, "change_message": ""}}, {"model": "admin.logentry", "pk": 35, "fields": {"action_time": "2020-03-30T19:33:55.819Z", "user": 1, "content_type": null, "object_id": "1", "object_repr": "Tame Impala", "action_flag": 3, "change_message": ""}}, {"model": "admin.logentry", "pk": 36, "fields": {"action_time": "2020-03-30T19:34:07.680Z", "user": 1, "content_type": null, "object_id": "10", "object_repr": "new n 4", "action_flag": 3, "change_message": ""}}, {"model": "admin.logentry", "pk": 37, "fields": {"action_time": "2020-03-30T19:34:07.765Z", "user": 1, "content_type": null, "object_id": "9", "object_repr": "new n 3", "action_flag": 3, "change_message": ""}}, {"model": "admin.logentry", "pk": 38, "fields": {"action_time": "2020-03-30T19:34:07.839Z", "user": 1, "content_type": null, "object_id": "8", "object_repr": "sdfsdfsrgr", "action_flag": 3, "change_message": ""}}, {"model": "admin.logentry", "pk": 39, "fields": {"action_time": "2020-03-30T19:34:07.925Z", "user": 1, "content_type": null, "object_id": "4", "object_repr": "quatro", "action_flag": 3, "change_message": ""}}, {"model": "admin.logentry", "pk": 40, "fields": {"action_time": "2020-04-15T22:14:58.864Z", "user": 1, "content_type": null, "object_id": "14", "object_repr": "Good Metal", "action_flag": 2, "change_message": "[{\"changed\": {\"fields\": [\"Songs\"]}}]"}}, {"model": "admin.logentry", "pk": 41, "fields": {"action_time": "2020-04-15T23:59:19.861Z", "user": 1, "content_type": null, "object_id": "5", "object_repr": "floorjansen", "action_flag": 3, "change_message": ""}}, {"model": "admin.logentry", "pk": 42, "fields": {"action_time": "2020-04-15T23:59:19.973Z", "user": 1, "content_type": null, "object_id": "3", "object_repr": "lanadelrey", "action_flag": 3, "change_message": ""}}, {"model": "admin.logentry", "pk": 43, "fields": {"action_time": "2020-04-15T23:59:20.047Z", "user": 1, "content_type": null, "object_id": "4", "object_repr": "rsmith", "action_flag": 3, "change_message": ""}}, {"model": "admin.logentry", "pk": 44, "fields": {"action_time": "2020-04-15T23:59:48.129Z", "user": 1, "content_type": null, "object_id": "18", "object_repr": "Wishmaster", "action_flag": 3, "change_message": ""}}, {"model": "admin.logentry", "pk": 45, "fields": {"action_time": "2020-04-15T23:59:48.401Z", "user": 1, "content_type": null, "object_id": "17", "object_repr": "The siren", "action_flag": 3, "change_message": ""}}, {"model": "admin.logentry", "pk": 46, "fields": {"action_time": "2020-04-15T23:59:48.473Z", "user": 1, "content_type": null, "object_id": "16", "object_repr": "Daed boys poem", "action_flag": 3, "change_message": ""}}, {"model": "admin.logentry", "pk": 47, "fields": {"action_time": "2020-04-15T23:59:48.560Z", "user": 1, "content_type": null, "object_id": "15", "object_repr": "Imaginaerum", "action_flag": 3, "change_message": ""}}, {"model": "admin.logentry", "pk": 48, "fields": {"action_time": "2020-04-15T23:59:48.644Z", "user": 1, "content_type": null, "object_id": "14", "object_repr": "Good Metal", "action_flag": 3, "change_message": ""}}, {"model": "admin.logentry", "pk": 49, "fields": {"action_time": "2020-04-15T23:59:48.717Z", "user": 1, "content_type": null, "object_id": "12", "object_repr": "The Good Country", "action_flag": 3, "change_message": ""}}, {"model": "admin.logentry", "pk": 50, "fields": {"action_time": "2020-04-16T00:05:56.252Z", "user": 1, "content_type": null, "object_id": "19", "object_repr": "A primeira", "action_flag": 1, "change_message": "[{\"added\": {}}]"}}, {"model": "admin.logentry", "pk": 51, "fields": {"action_time": "2020-04-16T00:23:04.061Z", "user": 1, "content_type": null, "object_id": "20", "object_repr": "A segunda", "action_flag": 1, "change_message": "[{\"added\": {}}]"}}, {"model": "admin.logentry", "pk": 52, "fields": {"action_time": "2020-04-16T00:23:08.872Z", "user": 1, "content_type": null, "object_id": "2", "object_repr": "admin", "action_flag": 2, "change_message": "[{\"changed\": {\"fields\": [\"Favorites\"]}}]"}}, {"model": "admin.logentry", "pk": 53, "fields": {"action_time": "2020-04-16T00:40:09.408Z", "user": 1, "content_type": null, "object_id": "2", "object_repr": "admin", "action_flag": 2, "change_message": "[{\"changed\": {\"fields\": [\"Favorites\"]}}]"}}, {"model": "admin.logentry", "pk": 54, "fields": {"action_time": "2020-04-16T00:56:28.539Z", "user": 1, "content_type": null, "object_id": "2", "object_repr": "admin", "action_flag": 2, "change_message": "[]"}}, {"model": "admin.logentry", "pk": 55, "fields": {"action_time": "2020-04-16T06:30:41.704Z", "user": 1, "content_type": null, "object_id": "1", "object_repr": "Comment object (1)", "action_flag": 1, "change_message": "[{\"added\": {}}]"}}, {"model": "admin.logentry", "pk": 56, "fields": {"action_time": "2020-04-19T00:08:54.532Z", "user": 1, "content_type": null, "object_id": "33", "object_repr": "A primeira", "action_flag": 1, "change_message": "[{\"added\": {}}]"}}, {"model": "admin.logentry", "pk": 57, "fields": {"action_time": "2020-04-19T00:14:30.722Z", "user": 1, "content_type": null, "object_id": "33", "object_repr": "A primeira", "action_flag": 2, "change_message": "[]"}}, {"model": "admin.logentry", "pk": 58, "fields": {"action_time": "2020-04-19T00:21:22.790Z", "user": 1, "content_type": null, "object_id": "9", "object_repr": "Comment object (9)", "action_flag": 1, "change_message": "[{\"added\": {}}]"}}, {"model": "admin.logentry", "pk": 59, "fields": {"action_time": "2020-04-19T00:21:42.968Z", "user": 1, "content_type": null, "object_id": "9", "object_repr": "Comment object (9)", "action_flag": 3, "change_message": ""}}, {"model": "admin.logentry", "pk": 60, "fields": {"action_time": "2020-04-19T18:51:59.461Z", "user": 1, "content_type": null, "object_id": "1", "object_repr": "Genre object (1)", "action_flag": 1, "change_message": "[{\"added\": {}}]"}}, {"model": "admin.logentry", "pk": 61, "fields": {"action_time": "2020-04-19T18:52:04.885Z", "user": 1, "content_type": null, "object_id": "2", "object_repr": "Genre object (2)", "action_flag": 1, "change_message": "[{\"added\": {}}]"}}, {"model": "admin.logentry", "pk": 62, "fields": {"action_time": "2020-04-19T18:52:21.526Z", "user": 1, "content_type": null, "object_id": "3", "object_repr": "Genre object (3)", "action_flag": 1, "change_message": "[{\"added\": {}}]"}}, {"model": "admin.logentry", "pk": 63, "fields": {"action_time": "2020-04-19T18:52:29.379Z", "user": 1, "content_type": null, "object_id": "4", "object_repr": "Genre object (4)", "action_flag": 1, "change_message": "[{\"added\": {}}]"}}, {"model": "admin.logentry", "pk": 64, "fields": {"action_time": "2020-04-19T18:52:33.260Z", "user": 1, "content_type": null, "object_id": "5", "object_repr": "Genre object (5)", "action_flag": 1, "change_message": "[{\"added\": {}}]"}}, {"model": "admin.logentry", "pk": 65, "fields": {"action_time": "2020-04-19T18:52:41.004Z", "user": 1, "content_type": null, "object_id": "6", "object_repr": "Genre object (6)", "action_flag": 1, "change_message": "[{\"added\": {}}]"}}, {"model": "admin.logentry", "pk": 66, "fields": {"action_time": "2020-04-19T19:01:28.693Z", "user": 1, "content_type": null, "object_id": "36", "object_repr": "realiti", "action_flag": 2, "change_message": "[{\"changed\": {\"fields\": [\"Genres\"]}}]"}}, {"model": "admin.logentry", "pk": 67, "fields": {"action_time": "2020-04-19T21:47:22.477Z", "user": 1, "content_type": null, "object_id": "2", "object_repr": "admin", "action_flag": 2, "change_message": "[]"}}, {"model": "admin.logentry", "pk": 68, "fields": {"action_time": "2020-04-19T21:53:06.300Z", "user": 1, "content_type": null, "object_id": "35", "object_repr": "The Good Country", "action_flag": 2, "change_message": "[{\"changed\": {\"fields\": [\"Genres\"]}}]"}}, {"model": "admin.logentry", "pk": 69, "fields": {"action_time": "2020-04-19T22:30:42.093Z", "user": 1, "content_type": null, "object_id": "36", "object_repr": "realiti", "action_flag": 2, "change_message": "[{\"changed\": {\"fields\": [\"Description\"]}}]"}}, {"model": "admin.logentry", "pk": 70, "fields": {"action_time": "2020-04-23T00:34:12.484Z", "user": 1, "content_type": null, "object_id": "36", "object_repr": "The Siren", "action_flag": 3, "change_message": ""}}, {"model": "admin.logentry", "pk": 71, "fields": {"action_time": "2020-04-23T00:34:12.641Z", "user": 1, "content_type": null, "object_id": "35", "object_repr": "ffffdsf", "action_flag": 3, "change_message": ""}}, {"model": "admin.logentry", "pk": 72, "fields": {"action_time": "2020-04-23T00:34:12.714Z", "user": 1, "content_type": null, "object_id": "34", "object_repr": "gdf", "action_flag": 3, "change_message": ""}}, {"model": "admin.logentry", "pk": 73, "fields": {"action_time": "2020-04-23T00:34:12.790Z", "user": 1, "content_type": null, "object_id": "33", "object_repr": "Play loca", "action_flag": 3, "change_message": ""}}, {"model": "admin.logentry", "pk": 74, "fields": {"action_time": "2020-04-23T00:34:12.875Z", "user": 1, "content_type": null, "object_id": "32", "object_repr": "sdfdsf", "action_flag": 3, "change_message": ""}}, {"model": "admin.logentry", "pk": 75, "fields": {"action_time": "2020-04-23T00:34:12.960Z", "user": 1, "content_type": null, "object_id": "31", "object_repr": "The Good Country", "action_flag": 3, "change_message": ""}}, {"model": "admin.logentry", "pk": 76, "fields": {"action_time": "2020-04-23T00:34:13.045Z", "user": 1, "content_type": null, "object_id": "30", "object_repr": "sdfsdf", "action_flag": 3, "change_message": ""}}, {"model": "admin.logentry", "pk": 77, "fields": {"action_time": "2020-04-23T00:34:13.130Z", "user": 1, "content_type": null, "object_id": "29", "object_repr": "The Good Country", "action_flag": 3, "change_message": ""}}, {"model": "admin.logentry", "pk": 78, "fields": {"action_time": "2020-04-23T00:34:13.215Z", "user": 1, "content_type": null, "object_id": "28", "object_repr": "The Good Country", "action_flag": 3, "change_message": ""}}, {"model": "admin.logentry", "pk": 79, "fields": {"action_time": "2020-04-23T00:34:13.299Z", "user": 1, "content_type": null, "object_id": "27", "object_repr": "The Siren", "action_flag": 3, "change_message": ""}}, {"model": "admin.logentry", "pk": 80, "fields": {"action_time": "2020-04-23T00:34:13.375Z", "user": 1, "content_type": null, "object_id": "26", "object_repr": "The Good Country", "action_flag": 3, "change_message": ""}}, {"model": "admin.logentry", "pk": 81, "fields": {"action_time": "2020-04-23T00:34:13.459Z", "user": 1, "content_type": null, "object_id": "25", "object_repr": "rewtwe", "action_flag": 3, "change_message": ""}}, {"model": "admin.logentry", "pk": 82, "fields": {"action_time": "2020-04-23T00:34:13.544Z", "user": 1, "content_type": null, "object_id": "24", "object_repr": "sdgsffshfd", "action_flag": 3, "change_message": ""}}, {"model": "admin.logentry", "pk": 83, "fields": {"action_time": "2020-04-23T00:34:13.630Z", "user": 1, "content_type": null, "object_id": "23", "object_repr": "dfsdgsg", "action_flag": 3, "change_message": ""}}, {"model": "admin.logentry", "pk": 84, "fields": {"action_time": "2020-04-23T00:34:13.713Z", "user": 1, "content_type": null, "object_id": "22", "object_repr": "dadadagd", "action_flag": 3, "change_message": ""}}, {"model": "admin.logentry", "pk": 85, "fields": {"action_time": "2020-04-23T00:34:13.821Z", "user": 1, "content_type": null, "object_id": "21", "object_repr": "dadada", "action_flag": 3, "change_message": ""}}, {"model": "admin.logentry", "pk": 86, "fields": {"action_time": "2020-04-23T00:34:13.906Z", "user": 1, "content_type": null, "object_id": "20", "object_repr": "dasdasdsa", "action_flag": 3, "change_message": ""}}, {"model": "admin.logentry", "pk": 87, "fields": {"action_time": "2020-04-23T00:34:14.076Z", "user": 1, "content_type": null, "object_id": "19", "object_repr": "Dead Boy's Poem", "action_flag": 3, "change_message": ""}}, {"model": "admin.logentry", "pk": 88, "fields": {"action_time": "2020-04-23T00:34:14.162Z", "user": 1, "content_type": null, "object_id": "18", "object_repr": "Dead Boy's Poem", "action_flag": 3, "change_message": ""}}, {"model": "admin.logentry", "pk": 89, "fields": {"action_time": "2020-04-23T00:34:14.393Z", "user": 1, "content_type": null, "object_id": "17", "object_repr": "The Siren 2", "action_flag": 3, "change_message": ""}}, {"model": "admin.logentry", "pk": 90, "fields": {"action_time": "2020-04-23T00:34:14.478Z", "user": 1, "content_type": null, "object_id": "16", "object_repr": "Roundabout", "action_flag": 3, "change_message": ""}}, {"model": "admin.logentry", "pk": 91, "fields": {"action_time": "2020-04-23T00:34:14.561Z", "user": 1, "content_type": null, "object_id": "15", "object_repr": "The Siren", "action_flag": 3, "change_message": ""}}, {"model": "admin.logentry", "pk": 92, "fields": {"action_time": "2020-04-23T00:34:14.635Z", "user": 1, "content_type": null, "object_id": "14", "object_repr": "Toxic", "action_flag": 3, "change_message": ""}}, {"model": "admin.logentry", "pk": 93, "fields": {"action_time": "2020-04-23T00:34:14.709Z", "user": 1, "content_type": null, "object_id": "13", "object_repr": "Country Song num 4", "action_flag": 3, "change_message": ""}}, {"model": "admin.logentry", "pk": 94, "fields": {"action_time": "2020-04-23T00:34:14.784Z", "user": 1, "content_type": null, "object_id": "12", "object_repr": "Feathered Indians", "action_flag": 3, "change_message": ""}}, {"model": "admin.logentry", "pk": 95, "fields": {"action_time": "2020-04-23T00:34:14.868Z", "user": 1, "content_type": null, "object_id": "11", "object_repr": "Life of Sin", "action_flag": 3, "change_message": ""}}, {"model": "admin.logentry", "pk": 96, "fields": {"action_time": "2020-04-23T00:34:14.986Z", "user": 1, "content_type": null, "object_id": "10", "object_repr": "Turtles All The Way", "action_flag": 3, "change_message": ""}}, {"model": "admin.logentry", "pk": 97, "fields": {"action_time": "2020-04-23T00:34:15.083Z", "user": 1, "content_type": null, "object_id": "9", "object_repr": "Christian Woman", "action_flag": 3, "change_message": ""}}, {"model": "admin.logentry", "pk": 98, "fields": {"action_time": "2020-04-23T00:34:34.040Z", "user": 1, "content_type": null, "object_id": "40", "object_repr": "Gin Tonica", "action_flag": 3, "change_message": ""}}, {"model": "admin.logentry", "pk": 99, "fields": {"action_time": "2020-04-23T00:34:34.140Z", "user": 1, "content_type": null, "object_id": "39", "object_repr": "Goth Classics", "action_flag": 3, "change_message": ""}}, {"model": "admin.logentry", "pk": 100, "fields": {"action_time": "2020-04-23T00:34:34.269Z", "user": 1, "content_type": null, "object_id": "38", "object_repr": "ALPHA TEST", "action_flag": 3, "change_message": ""}}, {"model": "admin.logentry", "pk": 101, "fields": {"action_time": "2020-04-23T00:34:34.355Z", "user": 1, "content_type": null, "object_id": "37", "object_repr": "taking my time", "action_flag": 3, "change_message": ""}}, {"model": "admin.logentry", "pk": 102, "fields": {"action_time": "2020-04-23T00:34:34.440Z", "user": 1, "content_type": null, "object_id": "36", "object_repr": "realiti", "action_flag": 3, "change_message": ""}}, {"model": "admin.logentry", "pk": 103, "fields": {"action_time": "2020-04-23T00:34:34.525Z", "user": 1, "content_type": null, "object_id": "35", "object_repr": "The Good Country", "action_flag": 3, "change_message": ""}}, {"model": "admin.logentry", "pk": 104, "fields": {"action_time": "2020-04-23T00:34:34.609Z", "user": 1, "content_type": null, "object_id": "34", "object_repr": "Grimes best hits", "action_flag": 3, "change_message": ""}}, {"model": "admin.logentry", "pk": 105, "fields": {"action_time": "2020-04-23T00:34:34.695Z", "user": 1, "content_type": null, "object_id": "33", "object_repr": "A primeira", "action_flag": 3, "change_message": ""}}, {"model": "admin.logentry", "pk": 106, "fields": {"action_time": "2020-04-23T00:34:41.538Z", "user": 1, "content_type": null, "object_id": "43", "object_repr": "guitar practice", "action_flag": 2, "change_message": "[{\"changed\": {\"fields\": [\"Title\"]}}]"}}, {"model": "admin.logentry", "pk": 107, "fields": {"action_time": "2020-04-23T00:35:14.123Z", "user": 1, "content_type": null, "object_id": "23", "object_repr": "assddadsad", "action_flag": 3, "change_message": ""}}, {"model": "admin.logentry", "pk": 108, "fields": {"action_time": "2020-04-23T00:35:14.293Z", "user": 1, "content_type": null, "object_id": "22", "object_repr": "qweqwe", "action_flag": 3, "change_message": ""}}, {"model": "admin.logentry", "pk": 109, "fields": {"action_time": "2020-04-23T00:35:14.379Z", "user": 1, "content_type": null, "object_id": "21", "object_repr": "CSS", "action_flag": 3, "change_message": ""}}, {"model": "admin.logentry", "pk": 110, "fields": {"action_time": "2020-04-23T00:35:14.463Z", "user": 1, "content_type": null, "object_id": "20", "object_repr": "Once", "action_flag": 3, "change_message": ""}}, {"model": "admin.logentry", "pk": 111, "fields": {"action_time": "2020-04-23T00:35:14.548Z", "user": 1, "content_type": null, "object_id": "19", "object_repr": "sdfsdf", "action_flag": 3, "change_message": ""}}, {"model": "admin.logentry", "pk": 112, "fields": {"action_time": "2020-04-23T00:35:14.633Z", "user": 1, "content_type": null, "object_id": "18", "object_repr": "hdfhdfh", "action_flag": 3, "change_message": ""}}, {"model": "admin.logentry", "pk": 113, "fields": {"action_time": "2020-04-23T00:35:14.718Z", "user": 1, "content_type": null, "object_id": "17", "object_repr": "hdfhdfhfdh", "action_flag": 3, "change_message": ""}}, {"model": "admin.logentry", "pk": 114, "fields": {"action_time": "2020-04-23T00:35:14.802Z", "user": 1, "content_type": null, "object_id": "16", "object_repr": "sdgsd", "action_flag": 3, "change_message": ""}}, {"model": "admin.logentry", "pk": 115, "fields": {"action_time": "2020-04-23T00:35:14.887Z", "user": 1, "content_type": null, "object_id": "15", "object_repr": "gdgdg", "action_flag": 3, "change_message": ""}}, {"model": "admin.logentry", "pk": 116, "fields": {"action_time": "2020-04-23T00:35:14.962Z", "user": 1, "content_type": null, "object_id": "14", "object_repr": "dadada", "action_flag": 3, "change_message": ""}}, {"model": "admin.logentry", "pk": 117, "fields": {"action_time": "2020-04-23T00:35:15.048Z", "user": 1, "content_type": null, "object_id": "13", "object_repr": "asdadsasd", "action_flag": 3, "change_message": ""}}, {"model": "admin.logentry", "pk": 118, "fields": {"action_time": "2020-04-23T00:35:15.133Z", "user": 1, "content_type": null, "object_id": "12", "object_repr": "Wishmaster", "action_flag": 3, "change_message": ""}}, {"model": "admin.logentry", "pk": 119, "fields": {"action_time": "2020-04-23T00:35:15.363Z", "user": 1, "content_type": null, "object_id": "11", "object_repr": "agsfs", "action_flag": 3, "change_message": ""}}, {"model": "admin.logentry", "pk": 120, "fields": {"action_time": "2020-04-23T00:35:15.448Z", "user": 1, "content_type": null, "object_id": "10", "object_repr": "Fragile", "action_flag": 3, "change_message": ""}}, {"model": "admin.logentry", "pk": 121, "fields": {"action_time": "2020-04-23T00:35:15.534Z", "user": 1, "content_type": null, "object_id": "9", "object_repr": "asdasdsa", "action_flag": 3, "change_message": ""}}, {"model": "admin.logentry", "pk": 122, "fields": {"action_time": "2020-04-23T00:35:15.619Z", "user": 1, "content_type": null, "object_id": "8", "object_repr": "In the Zone", "action_flag": 3, "change_message": ""}}, {"model": "admin.logentry", "pk": 123, "fields": {"action_time": "2020-04-23T00:35:15.704Z", "user": 1, "content_type": null, "object_id": "7", "object_repr": "Sing the country", "action_flag": 3, "change_message": ""}}, {"model": "admin.logentry", "pk": 124, "fields": {"action_time": "2020-04-23T00:35:15.788Z", "user": 1, "content_type": null, "object_id": "6", "object_repr": "IDK", "action_flag": 3, "change_message": ""}}, {"model": "admin.logentry", "pk": 125, "fields": {"action_time": "2020-04-23T00:35:15.873Z", "user": 1, "content_type": null, "object_id": "5", "object_repr": "Metamodern Sounds in Country Music", "action_flag": 3, "change_message": ""}}, {"model": "admin.logentry", "pk": 126, "fields": {"action_time": "2020-04-23T00:35:15.980Z", "user": 1, "content_type": null, "object_id": "4", "object_repr": "Bloody Kisses", "action_flag": 3, "change_message": ""}}, {"model": "admin.logentry", "pk": 127, "fields": {"action_time": "2020-04-23T00:35:32.055Z", "user": 1, "content_type": null, "object_id": "9", "object_repr": "country", "action_flag": 1, "change_message": "[{\"added\": {}}]"}}, {"model": "admin.logentry", "pk": 128, "fields": {"action_time": "2020-04-23T00:36:29.333Z", "user": 1, "content_type": null, "object_id": "24", "object_repr": "sdffdsdf", "action_flag": 3, "change_message": ""}}, {"model": "admin.logentry", "pk": 129, "fields": {"action_time": "2020-04-23T00:36:29.432Z", "user": 1, "content_type": null, "object_id": "23", "object_repr": "ffeqeqe", "action_flag": 3, "change_message": ""}}, {"model": "admin.logentry", "pk": 130, "fields": {"action_time": "2020-04-23T00:36:29.517Z", "user": 1, "content_type": null, "object_id": "22", "object_repr": "ewrwer", "action_flag": 3, "change_message": ""}}, {"model": "admin.logentry", "pk": 131, "fields": {"action_time": "2020-04-23T00:36:29.601Z", "user": 1, "content_type": null, "object_id": "21", "object_repr": "CSS", "action_flag": 3, "change_message": ""}}, {"model": "admin.logentry", "pk": 132, "fields": {"action_time": "2020-04-23T00:36:29.684Z", "user": 1, "content_type": null, "object_id": "20", "object_repr": "sdfsdf", "action_flag": 3, "change_message": ""}}, {"model": "admin.logentry", "pk": 133, "fields": {"action_time": "2020-04-23T00:36:29.759Z", "user": 1, "content_type": null, "object_id": "19", "object_repr": "twrtrwyh", "action_flag": 3, "change_message": ""}}, {"model": "admin.logentry", "pk": 134, "fields": {"action_time": "2020-04-23T00:36:29.833Z", "user": 1, "content_type": null, "object_id": "18", "object_repr": "hdhdhfd", "action_flag": 3, "change_message": ""}}, {"model": "admin.logentry", "pk": 135, "fields": {"action_time": "2020-04-23T00:36:29.952Z", "user": 1, "content_type": null, "object_id": "17", "object_repr": "sfgsgsd", "action_flag": 3, "change_message": ""}}, {"model": "admin.logentry", "pk": 136, "fields": {"action_time": "2020-04-23T00:36:30.038Z", "user": 1, "content_type": null, "object_id": "16", "object_repr": "gddgd", "action_flag": 3, "change_message": ""}}, {"model": "admin.logentry", "pk": 137, "fields": {"action_time": "2020-04-23T00:36:30.178Z", "user": 1, "content_type": null, "object_id": "15", "object_repr": "dadada", "action_flag": 3, "change_message": ""}}, {"model": "admin.logentry", "pk": 138, "fields": {"action_time": "2020-04-23T00:36:30.285Z", "user": 1, "content_type": null, "object_id": "14", "object_repr": "asdadasd", "action_flag": 3, "change_message": ""}}, {"model": "admin.logentry", "pk": 139, "fields": {"action_time": "2020-04-23T00:36:30.371Z", "user": 1, "content_type": null, "object_id": "12", "object_repr": "sadsda", "action_flag": 3, "change_message": ""}}, {"model": "admin.logentry", "pk": 140, "fields": {"action_time": "2020-04-23T00:36:30.454Z", "user": 1, "content_type": null, "object_id": "10", "object_repr": "adasdsad", "action_flag": 3, "change_message": ""}}, {"model": "admin.logentry", "pk": 141, "fields": {"action_time": "2020-04-23T00:36:30.529Z", "user": 1, "content_type": null, "object_id": "8", "object_repr": "Country Man", "action_flag": 3, "change_message": ""}}, {"model": "admin.logentry", "pk": 142, "fields": {"action_time": "2020-05-03T20:20:40.351Z", "user": 1, "content_type": null, "object_id": "46", "object_repr": "Roda", "action_flag": 3, "change_message": ""}}, {"model": "admin.logentry", "pk": 143, "fields": {"action_time": "2020-05-03T20:39:09.260Z", "user": 1, "content_type": null, "object_id": "79", "object_repr": "Louvacao", "action_flag": 3, "change_message": ""}}, {"model": "admin.logentry", "pk": 144, "fields": {"action_time": "2020-05-03T20:39:09.285Z", "user": 1, "content_type": null, "object_id": "78", "object_repr": "Louvacao", "action_flag": 3, "change_message": ""}}, {"model": "admin.logentry", "pk": 145, "fields": {"action_time": "2020-05-03T20:39:09.302Z", "user": 1, "content_type": null, "object_id": "77", "object_repr": "test asdasd", "action_flag": 3, "change_message": ""}}, {"model": "admin.logentry", "pk": 146, "fields": {"action_time": "2020-05-03T20:39:53.448Z", "user": 1, "content_type": null, "object_id": "61", "object_repr": "werwer", "action_flag": 3, "change_message": ""}}, {"model": "admin.logentry", "pk": 147, "fields": {"action_time": "2020-07-17T17:22:06.925Z", "user": 1, "content_type": 15, "object_id": "14", "object_repr": "robertsmith", "action_flag": 3, "change_message": ""}}]